Id,unvax
1001,27.01525010025613
1003,32.46187214190766
1005,26.252724025362593
1007,23.311547828725857
1009,20.15250567503119
1011,35.51198413220243
1013,27.45098009265286
1015,32.02614189850983
1017,22.004356919924746
1019,23.856210927713633
1021,22.5490177722117
1023,42.15686559057725
1025,32.67973610335252
1027,28.649235782911813
1029,22.331153105863514
1031,25.272330408993742
1033,35.72984681109661
1035,28.649237388910763
1037,30.501087262150218
1039,23.63834312353893
1041,24.509802437607945
1043,27.777778210007874
1045,37.037035002922984
1047,28.758168975667466
1049,21.895425128039676
1051,30.283222165482908
1053,23.202613591023102
1055,28.322438458567376
1057,25.27233092099148
1059,30.827886240997053
1061,26.688454011283397
1063,34.74945560871084
1065,43.46405334527344
1067,31.917211327864084
1069,29.73856225778942
1071,33.44226380012545
1073,41.830064681508475
1075,31.26361518797099
1077,34.96731916177395
1079,33.98692663081386
1081,30.392155985298967
1083,26.797386511047343
1085,33.22440031547563
1087,33.551194345407445
1089,45.424838500744315
1091,36.92810334949666
1093,25.925925804854657
1095,29.9564265064527
1097,32.244007481897206
1099,27.99564430498294
1101,36.38343904140305
1103,32.13507666568526
1105,33.98692641649757
1107,32.78866870716495
1109,28.540303077837553
1111,24.72766829051514
1113,26.143789819155476
1115,26.79738728076026
1117,25.16339766816768
1119,34.204790736620254
1121,25.81699337773419
1123,28.976034682513788
1125,31.4814800385792
1127,33.33333020887899
1129,27.99564481731622
1131,35.511982699163596
1133,15.46840980785408
2013,67.00924893301
2016,49.434739446972344
2020,46.1459393432297
2050,51.07913371920604
2060,82.01439
2068,41.93216676094118
2070,39.15724591204819
2090,38.95169404285572
2100,59.3011310181962
2105,60.6372046910299
2110,60.63720154562784
2122,36.896195750559535
2130,52.41521246481954
2150,50.5652598557264
2164,47.995886498936926
2170,27.749228161462927
2180,57.75950834548031
2185,28.982528482692594
2188,43.576570490871426
2195,63.00102720525656
2198,44.3987672431754
2220,62.795475882300195
2230,62.589928
2240,23.12435653098996
2261,46.04316422467969
2275,49.126411631403585
2282,65.46763
2290,55.395680888571434
4001,59.38461625481713
4003,44.41025847860381
4005,56.51282169427945
4007,45.846153377009735
4009,44.820512346087106
4011,31.794870035342583
4012,37.025641649280935
4013,41.23077076586263
4015,30.256410340815883
4017,48.51282073477254
4019,51.99999722835124
4021,37.33333117677123
4023,76.48304178252089
4025,35.58974792940079
4027,47.79487302793984
5001,39.77527958339166
5003,35.39325654542856
5005,36.29213276288056
5007,38.089889936227486
5009,26.629213056459612
5011,40.67415412635184
5013,25.16853922130518
5015,32.47190671029252
5017,41.0112347285727
5019,36.5168533795627
5021,35.05617973246941
5023,33.5955038197913
5025,36.40449805700035
5027,32.359550844174116
5029,41.23595472901234
5031,29.99999852645697
5033,28.876404832447882
5035,27.752807780675003
5037,34.831457678227245
5039,40.786518903463424
5041,41.68539653898969
5043,34.60674462842466
5045,36.40449319531836
5047,35.168541113658065
5049,24.044946350484167
5051,33.595506695476686
5053,32.247192983043334
5055,30.674158629146195
5057,20.67415857200108
5059,30.674157010885168
5061,33.82022362356343
5063,27.865169550202534
5065,26.853934746378428
5067,28.202248355415833
5069,27.865166948704836
5071,33.14607077679155
5073,26.853931836537114
5075,30.112360651019806
5077,25.61797916123096
5079,24.83146317961966
5081,21.79775065718136
5083,32.134829001914746
5085,34.04494290200481
5087,29.21348447325677
5089,26.292136369483057
5091,9.438202018595705
5093,27.528090039480528
5095,38.42696716918589
5097,29.55056098714286
5099,24.71910240782187
5101,24.38202266587381
5103,37.07864767732934
5105,38.0898863024595
5107,33.25842642069347
5109,28.651685380049017
5111,29.10112212618623
5113,24.38202259438147
5115,35.955056205048564
5117,28.764045983801296
5119,44.269665813976246
5121,21.23595466793676
5123,33.93258540618661
5125,36.62921752661861
5127,27.640450625082078
5129,29.325841704459563
5131,27.52808918428595
5133,29.55056405694178
5135,28.651687263405183
5137,30.561798740062386
5139,33.370787851638816
5141,33.03370713065356
5143,39.213480023489296
5145,32.2471917138145
5147,41.79775170987924
5149,33.03370956363972
6001,63.617676144997596
6005,38.8489212121581
6007,39.36279729301162
6009,38.64337420124144
6011,39.46556797621833
6013,62.795478475099856
6015,29.08530368901115
6017,48.81808776403825
6019,41.31551421957905
6021,36.69064677830998
6023,49.53751032976283
6025,51.079133005810746
6029,33.91572417446583
6031,27.95477773705088
6033,42.44604552907485
6035,26.618705951119825
6037,51.901334943223
6039,36.58787155711828
6041,73.27852323441199
6045,50.462487342241644
6047,30.318602316964835
6053,50.25693782820712
6055,61.04830451920443
6057,48.40698925316557
6059,53.75128265113908
6061,50.66804074382508
6065,40.39054326415851
6067,47.790344204282384
6069,44.91264187526485
6071,38.43781837740018
6073,42.2404929316874
6075,68.75642234417714
6077,37.615625951608706
6079,45.83761314691686
6081,66.80369542419186
6083,52.82631045684087
6085,67.9342318133824
6087,60.12332783592374
6089,34.326824727542565
6093,39.77389617305579
6095,47.37923914243863
6097,60.5344303646781
6099,34.635151659356865
6101,39.87667028339938
6103,27.852005202824728
6107,34.32682548476439
6109,42.85714246064725
6111,54.36793548938332
6113,51.38746333678477
6115,32.168551455174104
8001,47.81336855130877
8003,38.57331764544732
8005,50.33025171897039
8007,36.85601046928369
8009,21.928665645010966
8011,12.94583813514443
8013,63.93658965231299
8014,64.20078933263943
8015,40.554820497649544
8017,16.116248953645584
8019,35.79920753940246
8021,33.94980419103859
8023,42.27212431754875
8025,13.606339609174642
8027,30.911491523200002
8029,34.874505885112995
8031,57.99207253392195
8033,27.873180621576296
8035,60.634085100573465
8037,57.7278743437441
8039,30.77939152012384
8041,50.066050924491336
8043,31.96829684819226
8045,40.02642095277851
8047,51.783360710932016
8049,53.368560319047624
8051,48.216645194285356
8053,36.98811
8055,37.51651334979297
8057,27.741084277947934
8059,63.143987260302545
8061,16.248348320819115
8063,25.3632755303401
8065,47.952438863802186
8067,59.048877751120486
8069,56.27477065419474
8071,40.026419628613326
8073,22.192865909519494
8075,24.174373631415243
8077,37.38440923800333
8079,52.57596000000001
8081,25.36327616901949
8083,44.782037312004924
8085,37.64861515154407
8087,33.94980076923077
8089,30.779392987527117
8091,53.500656455170926
8093,38.44122097542579
8095,32.62880072118703
8097,53.6327602878071
8099,27.080580044963284
8101,38.9696152383839
8103,20.607662057224392
8105,45.31043705248214
8107,61.95508693336113
8109,20.871861367066344
8111,52.311756
8113,72.3910168093215
8115,28.269486522602453
8117,71.59841044104684
8119,34.74240501559304
8121,20.871863514333196
8123,42.93262676652488
8125,24.966973489556654
9001,62.60162766820896
9003,59.65447439813816
9005,61.991870445552294
9007,68.69918190680532
9009,59.959351500293884
9011,62.398373304470425
9013,55.487803580832555
9015,50.10162753732556
10001,40.06243411853693
10003,52.237250924042335
10005,53.17377795375053
11001,52.37592172026945
12001,50.25329303636769
12003,19.554205605411543
12005,33.02937788785105
12007,24.620059796983544
12009,45.99797389263628
12011,48.63221584404252
12013,23.30293724920962
12015,51.77305094604521
12017,43.76899949011414
12019,31.205673242365716
12021,53.191490745560486
12023,27.355624800052787
12027,31.509623583195765
12029,22.289766597612537
12031,40.12158239094249
12033,36.170212144072195
12035,47.61905337069679
12037,34.34650333703546
12039,39.91894682887353
12041,23.40425632580872
12043,22.593718448062592
12045,33.839921000189264
12047,25.12664575275031
12049,24.72137768321002
12051,30.597770991739633
12053,38.80445709639869
12055,36.67679946375756
12057,41.54002108738007
12059,20.567375294189787
12061,49.94934126061979
12063,29.68591642341085
12065,45.39007185477916
12067,25.025329871997258
12069,48.733535425179326
12071,45.49138614058026
12073,41.438702463849445
12075,30.901721113304955
12077,23.809524765117683
12079,30.699087569288796
12081,44.78216714976332
12083,41.1347525879456
12085,48.93616625643912
12086,56.534954139216275
12087,57.345493787591224
12089,41.33738901360332
12091,38.29787030328857
12093,31.61094263528666
12095,47.2137787178802
12097,46.50456035451113
12099,48.42958290828732
12101,41.438702163588715
12103,48.83485613572167
12105,37.386017062904315
12107,26.13981944788255
12109,51.773050060752325
12111,40.42553308381433
12113,33.3333330912491
12115,55.01519937425343
12117,44.57953350258408
12119,67.78116037350775
12121,25.025328232217724
12123,25.329280643388536
12125,21.884497997361304
12127,43.161094346789184
12129,30.800405409625085
12131,32.42147931517358
12133,20.871326080846224
13001,12.24105483829984
13003,10.546139815638606
13005,12.052730890871922
13007,43.502824964615385
13009,12.052730167375568
13011,15.065912663318063
13013,22.59887027738614
13015,17.137476340292515
13017,11.111110845303076
13019,22.03389808016433
13021,30.320151392901668
13023,7.721280073860537
13025,11.86440576841276
13027,41.61958862269096
13029,46.13935989534366
13031,36.158194337959344
13033,53.10734706940186
13035,14.689265676012605
13037,18.079094658854572
13039,57.78376310741638
13043,19.209040278325126
13045,29.001882490752134
13047,17.7024480974941
13049,10.54613940646206
13051,63.27853117144154
13053,97.63212633155791
13055,12.806027712632757
13057,42.56120580866672
13059,32.58003464108951
13061,34.27495172783572
13063,22.97551469837459
13065,40.11299535060169
13067,57.815442076068024
13069,33.898304465949536
13071,19.96233474427199
13073,36.91148586266154
13075,48.96421834432556
13077,35.78154487128404
13079,22.03389567876312
13081,19.962335814730498
13083,21.657250724260212
13085,12.052730542905097
13087,46.654373127693944
13089,45.00941217785354
13091,7.721280749049775
13093,19.020716757044504
13095,24.29378390786994
13097,36.53484160505628
13099,14.877589251622137
13101,16.007532960248447
13103,28.813558903002576
13105,22.410544735371758
13107,34.46327485816133
13109,24.293785188018262
13111,27.87194281346546
13113,49.717518736709415
13115,17.890770958151325
13117,30.88512311537669
13119,13.370998072273299
13121,43.12617738098006
13123,14.689265802562513
13125,13.9359705221094
13127,60.34764482844971
13129,14.689265397787054
13131,15.254237967150527
13133,56.07595250589658
13135,42.37288112386036
13137,21.468928135316986
13139,39.677213668867395
13141,10.546139957642621
13143,15.630885371092196
13145,26.55367348293526
13147,38.229756149619874
13149,14.124294582490705
13151,25.612052925050552
13153,48.74292969743256
13155,12.052730374906565
13157,32.203390984185035
13159,18.45574386829268
13161,8.097928344787
13163,37.66478265718166
13165,24.858759035118716
13167,12.052730004291313
13169,28.248589720149123
13171,12.429377587260237
13173,12.052731205182047
13175,26.36535007272708
13177,16.007531981945494
13179,55.552655677414826
13181,22.222222235217842
13183,5.838041351197588
13185,34.46327438423853
13187,9.60451984586094
13189,19.397363803761944
13191,50.346443077182414
13193,19.774011592228803
13195,27.871938922942668
13197,15.442561657413835
13199,30.696799605425802
13201,17.32579886347488
13205,17.89077242121784
13207,10.734463622430114
13209,24.10546067018323
13211,29.566854872150703
13213,14.124292878784495
13215,46.51600920131702
13217,18.832391324748556
13219,38.79472916905705
13221,37.66478399057179
13223,24.858756686511374
13225,12.24105425946408
13227,16.760827537163244
13229,32.39170913168681
13231,13.935968856414279
13233,12.241055268487507
13235,13.559321748132636
13237,12.241055013725951
13239,15.065912850596657
13241,38.17229487591956
13243,12.617702514673313
13245,46.44902820271589
13247,18.079096669536025
13249,18.267420755354685
13251,47.45762581507723
13253,11.111110212913983
13255,15.630885556735304
13257,10.734463381872263
13259,24.670431393714388
13261,51.789075273607985
13263,37.85310838443433
13265,20.527307348739498
13267,12.994350236836897
13269,37.28813547115155
13271,22.410545977933552
13273,22.787193380310992
13275,25.98870109660493
13277,24.105461395025923
13279,18.45574376874816
13281,11.487758933406523
13283,10.169492143257337
13285,24.482108631546296
13287,20.338981990921358
13289,9.416196164833194
13291,13.935970037520994
13293,49.09673779332424
13295,28.08535531648153
13297,29.75517875383137
13299,29.001885179669767
13301,16.195855805777615
13303,13.1826748815764
13305,41.242941498633606
13307,21.092278423652694
13309,8.286251929387292
13311,10.546140628372422
13313,25.988699742013644
13315,11.864406548176497
13317,18.832389883010883
13319,23.540489067762024
13321,16.76082699109015
16001,45.80777313899785
16003,33.128829213454075
16005,36.29856834542745
16007,33.53783528643725
16009,35.276071680194086
16011,32.00408982808599
16013,62.6789400671116
16015,25.1533749481933
16017,32.51533824542753
16019,35.173824505408795
16021,24.539875724890045
16023,32.51534052430555
16025,31.083845
16027,29.243352467955734
16029,26.89161377264054
16031,23.824132285482705
16033,27.811861
16035,31.799591816135084
16037,35.99182198470729
16039,28.834356941769144
16041,27.811860194728343
16043,31.390591765353598
16045,28.5276086916276
16047,28.22086079857491
16049,22.69938509057904
16051,26.58486638555506
16053,27.505110882083375
16055,32.82208667744861
16057,43.66052867159848
16059,36.400817126565926
16061,35.17382181129116
16063,27.198362922902493
16065,33.43558038295392
16067,26.482617533667803
16069,38.75255742822851
16071,29.550101574139145
16073,22.085890945931666
16075,23.006133922803322
16077,36.6053177924896
16079,33.33333407616923
16081,46.216771476573726
16083,31.90183961882527
16085,47.85276112963524
16087,29.55010406038864
17001,39.754096334941515
17003,20.594264357396113
17005,37.60245982085545
17007,40.88114737954748
17009,25.204915349765944
17011,39.549177108479704
17013,42.62295283151954
17015,47.2336049417968
17017,42.520493861493726
17019,47.84836280093184
17021,33.81147698589472
17023,31.65983634570203
17025,27.35655581865439
17027,39.85655482347193
17029,32.58196812814667
17031,49.590166268422934
17033,35.860656991204166
17035,26.33196564949495
17037,39.036883945361794
17039,37.39754203951722
17041,33.50409660758725
17043,55.737705011342086
17045,31.76229520501459
17047,28.790982041893525
17049,31.864757036500176
17051,21.721311063019293
17053,40.163931383485966
17055,28.995901798369747
17057,39.8565564486365
17059,38.21721569370892
17061,31.76229579036594
17063,37.397539063570264
17065,26.844262638952852
17067,35.04098100864057
17069,29.713115485741667
17071,35.75819762991674
17073,44.364753510074266
17075,35.553279165648654
17077,35.75819517446104
17079,26.741804357693916
17081,29.508196201931305
17083,41.49590297901163
17085,62.82577867677815
17087,25.819672044147364
17089,45.081966692614
17091,34.631146398518304
17093,45.59426082416098
17095,41.08606557383288
17097,51.02459088362483
17099,39.44671970534685
17101,24.897542236400916
17103,40.06147504185149
17105,32.78688587206932
17107,36.98770548454058
17109,35.86065775757275
17111,46.31147158844024
17113,45.90163997174899
17115,36.57786843386776
17117,38.42212818768556
17119,41.80327914716279
17121,30.53278784692102
17123,40.88114670912106
17125,38.11475406998779
17127,26.434424683128398
17129,42.31557511227736
17131,44.15983765712855
17133,45.18442573557252
17135,34.63115328255009
17137,37.90983510571535
17139,30.942621294334558
17141,41.08606911013953
17143,45.0819671877924
17145,29.50819351396157
17147,42.213119889307194
17149,29.098361124953286
17151,23.053278441833136
17153,25.717211944406078
17155,41.90573683919248
17157,32.88934171880124
17159,34.016389928260324
17161,41.70082021080827
17163,41.598363108156455
17165,33.19672122028469
17167,48.770493121265226
17169,45.594259995975015
17171,30.6352461220739
17173,29.3032776143292
17175,41.08606469280822
17177,46.00409810604326
17179,44.36475238872968
17181,38.52458998000916
17183,27.663935141157854
17185,35.758197912919655
17187,36.98770625240096
17189,40.881149529890735
17191,29.405738583641096
17193,34.42623352873005
17195,42.7254104997988
17197,45.696718448434275
17199,36.475408057591785
17201,40.88114750839254
17203,41.39344258942312
18001,26.091369271729064
18003,38.88324403381841
18005,44.46700505483586
18007,32.08121649385693
18009,34.9238579781624
18011,54.21320072126882
18013,39.59391060882058
18015,25.68528078927375
18017,31.675127882240893
18019,45.17766611791954
18021,40.50761436280488
18023,33.90863301116481
18025,28.22335103477603
18027,24.16243558573489
18029,38.78172645277689
18031,36.54822248356112
18033,32.79187804263222
18035,36.95431456463726
18037,43.14720850985949
18039,30.964466813739833
18041,28.832488427609274
18043,43.55330196662735
18045,35.025376836688366
18047,23.04568392406169
18049,30.35533117122281
18051,33.70558363190239
18053,32.385790378959705
18055,30.558378799865174
18057,55.02537871071666
18059,51.675122852227084
18061,38.68019870063502
18063,52.89340268294856
18065,38.78172430884726
18067,34.8223324476719
18069,39.390860805711796
18071,37.157362376263265
18073,34.010150021995756
18075,28.426395655265146
18077,42.23349959017301
18079,28.934011329836203
18081,43.14720791197219
18083,38.37563180036882
18085,30.761419898099692
18087,17.86802089515283
18089,41.319797077445884
18091,42.53807030709876
18093,36.85279491320904
18095,38.47715947468936
18097,38.98477478655299
18099,33.60406218028099
18101,36.34517662399686
18103,29.74619268758484
18105,46.59898262160721
18107,32.89340145567335
18109,39.79695595738376
18111,22.944164443517323
18113,29.137055023588374
18115,55.9390822143928
18117,42.13198044496654
18119,32.7918771392718
18121,27.715734188457695
18123,42.335026973731935
18125,42.944164332722636
18127,43.451779489881204
18129,35.93908695628159
18131,34.11167519287374
18133,31.67512843326423
18135,33.19797226032358
18137,34.72081510739356
18139,36.54822088484561
18141,45.17766378091566
18143,32.38578695828769
18145,42.538071799747776
18147,33.705587317707085
18149,27.614215551692745
18151,37.96954657780273
18153,35.8375604941501
18155,22.741117227394124
18157,43.35025421770999
18159,34.314720493623355
18161,34.72081223969108
18163,43.04568984300134
18165,33.90862834947943
18167,37.66497610250166
18169,32.28426344460329
18171,35.02538087387171
18173,48.223351133019705
18175,30.355328893242657
18177,35.93908885340314
18179,32.690357130255784
18181,41.31979562443849
18183,36.54822291512262
19001,40.82051723396998
19003,44.102565778388275
19005,42.974353356260266
19007,37.94871930503094
19009,49.84615675332297
19011,46.76922818654742
19013,47.58974269148702
19015,52.410257145166796
19017,48.92307733154929
19019,42.97435565189482
19021,48.8205140120812
19023,48.10256311404273
19025,49.12820309092751
19027,51.897436314327415
19029,48.82051476557731
19031,49.64102440589483
19033,50.56410180731126
19035,44.20512973825732
19037,44.20512730491614
19039,42.35897092774723
19041,43.17948712179876
19043,41.33333097654356
19045,43.38461678130992
19047,42.66666738053304
19049,51.589746607270015
19051,29.128203656592152
19053,32.8205177408039
19055,43.794872485697915
19057,39.89743412192751
19059,49.02564246433181
19061,54.153847624238495
19063,41.84615204124236
19065,44.5128227342455
19067,42.974357123844044
19069,43.07692121620322
19071,41.64102515685995
19073,47.28205238412419
19075,50.666666160834076
19077,47.897435920493876
19079,51.07692088205162
19081,40.71795007332365
19083,45.74358933381436
19085,42.051280767492145
19087,42.769228108269395
19089,41.53846185312831
19091,40.51282034714271
19093,39.6923070134924
19095,51.794868193433786
19097,43.79486993778483
19099,46.87179651428572
19101,39.38461678705696
19103,61.02564366723237
19105,49.43590026312193
19107,38.25640990805159
19109,44.00000318888743
19111,40.205127675508926
19113,53.948722130798416
19115,41.02564072464669
19117,37.23077082149425
19119,33.43589810988917
19121,43.38462062173553
19123,34.46154249672998
19125,42.46154146368648
19127,50.46154013170492
19129,43.589744594299574
19131,39.89743351324719
19133,45.23077147276157
19135,37.94872117579106
19137,45.538461872543344
19139,47.89743423884142
19141,42.15384604411241
19143,38.46153913942151
19145,43.69230686627633
19147,41.94872065352267
19149,42.46153968096269
19151,42.769226442713496
19153,52.10256516810299
19155,44.30769124839589
19157,48.307694711953616
19159,42.769231049663624
19161,43.4871813940602
19163,47.487179564833205
19165,49.435898042615534
19167,33.74359208096242
19169,51.794872312717715
19171,49.948722001434895
19173,38.87179617071992
19175,41.33333432570381
19177,33.43589699444445
19179,38.666668443561655
19181,47.38461589721818
19183,46.76923177178386
19185,32.820515621115106
19187,46.05128393282051
19189,43.589745380529294
19191,51.79487130405503
19193,42.46154078167653
19195,41.84615193321872
19197,46.871794886044526
20001,34.120172907265854
20003,32.40343566899975
20005,32.51073225753457
20007,38.51931275077624
20009,33.15450777676931
20011,28.111588005152193
20013,46.67382169877676
20015,35.515022252384405
20017,37.231759592427615
20019,33.79828374783861
20021,32.18884405950716
20023,36.58798346621874
20025,39.484978075082125
20027,44.20601254037862
20029,36.90986910320361
20031,39.5922731722993
20033,38.197425181770285
20035,36.69527815240293
20037,36.37339249872458
20039,33.261801384961885
20041,41.63089958558604
20043,32.83261812832029
20045,50.21459246386227
20047,37.76823654823529
20049,26.502145012523716
20051,38.73390901923214
20053,45.600854791529414
20055,28.433473901143767
20057,29.29184583755654
20059,37.66094479604878
20061,42.70386323920366
20063,40.34334884302759
20065,64.59228252037254
20067,33.58368989248838
20069,29.18454739059135
20071,41.09442300080972
20073,40.77253234866752
20075,28.648069172185426
20077,37.76824136029665
20079,36.05150218664905
20081,28.86265968558845
20083,37.660946
20085,51.07296015712683
20087,42.70386405625
20089,39.16308832134532
20091,55.68669228638501
20093,38.19742659015978
20095,37.55364920319605
20097,37.66094364285715
20099,36.90987087140595
20101,34.656651645524605
20103,45.27896981143618
20105,36.69528036694321
20107,27.68240208557329
20109,38.519314969285716
20111,43.66953309924387
20113,43.454940920449864
20115,39.27038293809875
20117,51.82403319682826
20119,31.11588246728538
20121,37.660947624149806
20123,44.849787074138746
20125,33.79828609175181
20127,45.6008556099403
20129,30.364807522584897
20131,42.70385846192394
20133,17.918455591514856
20135,40.665234462093856
20137,42.4892684404462
20139,38.30471893706643
20141,34.227463497597434
20143,32.72532167288474
20145,43.240341895467836
20147,35.72961551331145
20149,30.686694219677136
20151,38.519314443211016
20153,34.01287447790379
20155,39.80686266160979
20157,43.133045098573824
20159,34.97854174942206
20161,31.866952685425066
20163,37.982831500969
20165,40.665237748091606
20167,34.12017226431025
20169,37.66094742950116
20171,34.44205910810811
20173,37.33905221476877
20175,31.545063690273878
20177,47.74678213282936
20179,30.150213104282315
20181,33.69098381649553
20183,38.30472274385302
20185,35.62231567180205
20187,36.802573221276596
20189,22.961375120948066
20191,32.40343391824407
20193,33.15450863231761
20195,31.437770962760506
20197,36.9098719816092
20199,29.721027892676766
20201,41.09442490272581
20203,40.02145813560886
20205,34.22746770745868
20207,32.83261966101695
20209,36.80257217854207
21001,29.367633475621215
21003,32.368703232652656
21005,47.588426044542004
21007,26.04501659347615
21009,35.26259068304571
21011,41.050372762321466
21013,34.94104996437347
21015,52.9474808855208
21017,45.337615554039196
21019,34.40514579489284
21021,48.338694273187194
21023,36.65595142682056
21025,35.79850038208667
21027,33.226153352249995
21029,37.29903236756855
21031,35.47695549119115
21033,38.6923912759837
21035,36.44158529775673
21037,53.37620758386547
21039,28.83172602684699
21041,38.37084748236822
21043,32.47588641107285
21045,25.830654322325465
21047,24.008575101394644
21049,45.65916541149947
21051,30.653807330245744
21053,27.652733382029098
21055,28.510183515036367
21057,32.26151854085546
21059,42.122186145618095
21061,30.54662293318655
21063,25.723470895444464
21065,37.834938355754545
21067,58.52089809335577
21069,37.40621542570309
21071,41.90782298956585
21073,63.66559883271977
21075,39.22829337861774
21077,30.76098487545359
21079,38.26366308198933
21081,37.83494049463671
21083,32.15434194603922
21085,36.97749684654301
21087,33.22614823276095
21089,34.08360368873257
21091,46.62379050481873
21093,47.374061573610035
21095,33.44051311669223
21097,38.69239216146868
21099,26.688103163965422
21101,36.5487669603986
21103,44.265811499098405
21105,27.33119081389896
21107,39.335476709010116
21109,24.651661365276638
21111,53.69774893390492
21113,44.80171618751347
21115,34.7266898511598
21117,51.12540265157013
21119,36.120045601737594
21121,27.438372916162564
21123,35.26259076505982
21125,29.581994019332775
21127,33.33333326061752
21129,36.977494328741294
21131,37.299033549084555
21133,40.514466174108286
21135,25.40192978836289
21137,31.51125256231576
21139,37.191852641291554
21141,38.69238979706245
21143,48.66023457585585
21145,42.97963569138638
21147,32.04715957955182
21149,38.5852116153603
21151,39.978561283729526
21153,35.79849817987119
21155,41.80064621126327
21157,41.58628244805048
21159,39.228293177352136
21161,41.050377079459054
21163,33.0117896376731
21165,35.04823428636722
21167,44.05145096861426
21169,29.367631784133025
21171,35.04823278451179
21173,38.47802376970539
21175,38.263664160026906
21177,38.049300903991536
21179,45.659168258272985
21181,41.15755250339847
21183,29.903539156343154
21185,49.08895934685954
21187,29.90353758961867
21189,32.9046071827768
21191,35.262593291060725
21193,45.230439793730675
21195,39.87138455194215
21197,40.94319536053927
21199,36.012861175233645
21201,31.51125376540393
21203,28.724547320014203
21205,39.87138690671549
21207,35.584137686779
21209,50.26795630546468
21211,40.30010772951275
21213,40.514468858198924
21215,20.900321470165185
21217,38.799569459964445
21219,28.18863722125953
21221,36.2272220317984
21223,34.61951060541652
21225,28.93891137391304
21227,36.01286577877062
21229,41.47909874020139
21231,28.83172504660213
21233,32.368702251819066
21235,33.547693153534965
21237,39.33547828874117
21239,61.41479001613849
22001,32.01251151887065
22003,22.732011315195752
22005,33.263814817039716
22007,28.050053126583382
22009,27.737227860975374
22011,20.959331677343215
22013,32.32534081133295
22015,31.074039257464715
22017,33.0552678111509
22019,27.528673925301565
22021,25.860270267980393
22023,12.825859483306125
22025,25.026069729817642
22027,27.73722653847557
22029,23.04483883320189
22031,27.11157418830184
22033,40.25025933708529
22035,29.614180059441974
22037,27.632950814233656
22039,23.670489740411664
22041,24.81751601402463
22043,26.798749670480962
22045,29.61418216254963
22047,36.91345404142408
22049,27.945775950496902
22051,46.715329360162116
22053,22.419189214433583
22055,32.95098926922962
22057,28.675702383424763
22059,24.504692684866352
22061,31.074032731225042
22063,25.338891992745996
22065,26.59019885952724
22067,30.4483830465986
22069,27.94577592258902
22071,51.407713418235666
22073,30.865483285137913
22075,40.45881575309532
22077,37.43482628292945
22079,32.01250934206371
22081,23.566215571885348
22083,30.344108388797604
22085,23.983317967859506
22087,31.803964685015078
22089,39.93743780650299
22091,19.708029135710287
22093,34.61939589129327
22095,40.56308849681006
22097,26.694472588955662
22099,24.921795262714245
22101,29.927006627787307
22103,40.66736128449784
22105,29.61418168480509
22107,39.8331594961402
22109,29.822732381559533
22111,31.49113646099733
22113,23.149114055977424
22115,28.571426894448162
22117,27.63295097528415
22119,29.40562819209124
22121,34.932219978574565
22123,30.344108057167986
22125,65.81874200559021
22127,31.38686065872745
23001,53.95010086198964
23003,53.84615312177799
23005,72.14137156401492
23007,51.97505316712917
23009,63.92930928148232
23011,56.444904923366906
23013,70.06237236425208
23015,67.46361376145177
23017,53.74220142866368
23019,56.860705458896064
23021,50.4157991495541
23023,64.65696176256618
23025,48.2328515476121
23027,58.004159326687294
23029,56.96465937525449
23031,64.76091791181635
24001,43.00202819373118
24003,59.53346804710617
24005,55.47667267841201
24009,52.83976103152649
24011,44.320487673445015
24013,58.113590541334474
24015,44.62474965287007
24017,48.58012095073911
24019,45.63894743490186
24021,59.12778643422996
24023,39.95942989449741
24025,55.780935082818154
24027,67.95132274290884
24029,55.57809475639537
24031,68.86409383573775
24033,51.014200068551496
24035,52.73833896898095
24037,50.91277781895639
24039,36.81541524174679
24041,60.446250110518214
24043,43.9148059112075
24045,42.292086179075525
24047,56.288029756769895
24510,46.85598324406226
25001,4.927211781379859
25003,50.05599246630058
25005,54.87121765206139
25007,3.471444690383382
25009,64.16573607327238
25011,60.80627057616052
25013,54.423292122394436
25015,59.126543321079225
25017,71.5565438187124
25021,70.32474519133042
25023,60.35834232239317
25025,63.493841195098845
25027,59.910417197845256
26001,50.79702187419941
26003,55.897981887718174
26005,42.295428577806895
26007,45.80233880763249
26009,51.32837071583028
26011,44.4208307251256
26013,47.50265609916396
26015,40.06376080979837
26017,48.88416667696761
26019,57.810834312736226
26021,45.69606659335155
26023,36.45058074630185
26025,41.338999039200864
26027,34.75026730350421
26029,57.49202925676295
26031,44.42082933805075
26033,61.636556484731855
26035,38.25717349895452
26037,48.45908855537574
26039,42.61424000093932
26041,53.134965691331686
26043,56.7481410749353
26045,47.50265763786114
26047,64.29330416932096
26049,41.126458456288326
26051,41.33899951409312
26053,53.24123383635783
26055,59.298623144143754
26057,37.83208982783857
26059,31.34962879065269
26061,44.1020179513469
26063,47.18384415705318
26065,48.45908547124509
26067,39.00106644335639
26069,48.03400954979703
26071,48.45908733968226
26073,36.87566234225636
26075,43.251859980059564
26077,51.222103223438374
26079,40.91392393574366
26081,50.265675962939675
26083,49.946864881170015
26085,50.69075454253175
26087,38.68225486159884
26089,73.5387890459015
26091,40.80765046489099
26093,50.690757163311645
26095,38.36344352739851
26097,63.12433725886524
26099,47.29011654588894
26101,51.32837224913142
26103,57.27949116915364
26105,52.07225992439576
26107,33.79383537605098
26109,57.91710819636796
26111,49.30924378343446
26113,40.38257129177754
26115,36.9819352712728
26117,34.11264920649376
26119,46.439954986690985
26121,44.95217652012298
26123,35.38788576868863
26125,56.641870772580575
26127,43.67694198845212
26129,38.150900755248074
26131,60.57385697420924
26133,34.64399795231314
26135,36.9819345083592
26137,48.671626152863865
26139,47.502657350133596
26141,53.66631427379391
26143,48.67162813707112
26145,44.739639324583365
26147,42.18916130346912
26149,36.025501491735476
26151,37.08820162462585
26153,43.99574843843147
26155,42.933050529593025
26157,37.93836202093901
26159,45.37726124928206
26161,58.8735385602291
26163,42.720509827828366
26165,41.76408034009564
27001,50.7368446039944
27003,45.473681838244204
27005,44.421053212853934
27007,46.52631668889667
27009,30.000000883468072
27011,56.84210289976461
27013,50.105261701330825
27015,54.94736735187745
27017,52.21052532923736
27019,53.1578954744449
27021,41.99999921733662
27023,41.578949468827304
27025,45.57894951847672
27027,29.36842248117325
27029,35.05263282428115
27031,71.15789651697028
27033,45.7894756018863
27035,46.63158107635697
27037,55.578946454861686
27039,48.00000011325573
27041,47.05263089403722
27043,46.63158220681352
27045,56.210527092015134
27047,47.4736819693018
27049,55.15789532243271
27051,46.94737116304896
27053,60.84210166830259
27055,36.73684227231121
27057,38.84210258938954
27059,31.68421015621019
27061,46.210526914388396
27063,39.999999813932895
27065,33.263158494848604
27067,40.63157988849683
27069,46.4210512006312
27071,49.157892148723896
27073,49.89473961769809
27075,56.84210689823711
27077,47.57894768469624
27079,38.21052554578662
27081,40.31578871879855
27083,44.73684483891702
27085,45.57895206981018
27087,49.26315753083942
27089,36.10526022740804
27091,46.10526366993511
27093,38.315788958733876
27095,46.73684476500698
27097,37.57894909899544
27099,50.31579042264574
27101,43.15789670447831
27103,52.21052619367363
27105,46.84210959432096
27107,45.789476422717684
27109,62.631581825993955
27111,39.789473319582605
27113,40.21052754598757
27115,38.631578396153714
27117,44.42104985686591
27119,32.52631563286847
27121,47.36841754487472
27123,57.3684206595687
27125,44.31578877461653
27127,42.52631406085505
27129,45.263157377859294
27131,53.26315546971559
27133,43.36842132604146
27135,40.736842223268624
27137,55.47368214890173
27139,54.842106986479315
27141,33.68421270820723
27143,38.52632000100288
27145,44.73684308624167
27147,49.47368328959251
27149,47.052630786211836
27151,47.05263240693874
27153,33.57894864055886
27155,51.052630196349725
27157,59.7894722610306
27159,39.99999673493275
27161,46.84210475922034
27163,55.578948008631016
27165,46.000000110221904
27167,25.263157538663375
27169,50.63158159622642
27171,42.10526317705241
27173,47.47368074457062
28001,30.21363326818283
28003,23.804679442788597
28005,22.990843895130787
28007,31.02746894571653
28009,28.585960180233947
28011,36.21566609308345
28013,23.80467941653084
28015,24.313324442481314
28017,29.298067568934727
28019,21.15971574825721
28021,32.044763780106415
28023,32.14649107208542
28025,27.670395491586834
28027,28.484232196500567
28029,31.739571217790136
28031,28.484231143516382
28033,28.992879912949853
28035,24.008139203536626
28037,28.280772879508824
28039,23.601223081928538
28041,22.177010598450615
28043,30.62054925480993
28045,24.821973925414966
28047,32.55341019857116
28049,34.89318406220462
28051,34.79145275068744
28053,31.332655108478804
28055,26.55137363535503
28057,22.685656237076266
28059,26.55137400569259
28061,28.789420768956344
28063,40.79349110162061
28065,26.042726948092774
28067,24.92370282580183
28069,24.516784639415484
28071,36.62258472143303
28073,35.19837121685424
28075,31.230925904244447
28077,34.282806737205426
28079,27.263480562948153
28081,27.060020418264322
28083,35.30010136281967
28085,23.397762270934827
28087,30.722280380764413
28089,40.9969446449878
28091,25.330620177256876
28093,29.19633975044203
28095,31.332653538843708
28097,31.739572736211727
28099,23.09257202450295
28101,31.43438519642527
28103,34.079350761758874
28105,32.85859724405146
28107,26.65310262664996
28109,26.55137188893723
28111,22.68565507926729
28113,28.78942188024236
28115,25.839266787116845
28117,27.263481212577453
28119,28.179042232512444
28121,31.739574641435166
28123,28.48423251945664
28125,33.67243315873016
28127,27.06002142123978
28129,19.83723206884799
28131,26.347913692470133
28133,32.75686664086524
28135,24.618515426976174
28137,24.516785484649585
28139,25.22889159652781
28141,25.127162476542072
28143,26.44964390564044
28145,24.109866887848796
28147,22.88911436092358
28149,34.99491467926579
28151,28.484231358471238
28153,21.261443721304282
28155,30.31535960330578
28157,41.60732483299035
28159,29.90844290129056
28161,39.47100928707594
28163,26.75483228168404
29001,37.527593262264155
29003,28.697571675967026
29005,46.578361688847586
29007,29.801323921640634
29009,31.8984551293538
29011,24.7240626189648
29013,29.139072253860594
29015,37.74834492701196
29017,24.94481394846116
29019,51.54525237141759
29021,29.580575684650245
29023,24.17218585627346
29025,29.47020022380479
29027,36.09271849591202
29029,32.89183053603461
29031,37.52759439000371
29033,39.84547408003108
29035,22.958058603936628
29037,39.29360118974774
29039,25.275938285242603
29041,29.470200743007222
29043,33.885209511961776
29045,22.29580483440233
29047,41.39072665240563
29049,35.540842245144916
29051,42.384106330326496
29053,32.560705706239716
29055,24.282557422000412
29057,34.76821071014493
29059,26.048564028228736
29061,24.28255961123895
29063,21.854304650716198
29065,22.075054851264603
29067,16.666665311984854
29069,23.620309415656674
29071,42.27373394172227
29073,40.949227416873946
29075,34.547459815122316
29077,37.74834617798626
29079,28.035319150229697
29081,27.04194235796046
29083,33.33333232845416
29085,31.788077401100683
29087,34.216336165307474
29089,34.2163335808041
29091,19.867549738134866
29093,28.256071964774954
29095,42.16335626646719
29097,33.664459449631956
29099,33.88520841739155
29101,29.58057416670047
29103,33.2229576134601
29105,25.93818970302774
29107,36.20308990783495
29109,26.600441222620663
29111,28.36644461058546
29113,29.8013240022842
29115,36.313464001948205
29117,35.98233888085276
29119,19.315675136135567
29121,31.236200727774534
29123,27.041942780859475
29125,28.697571909981082
29127,34.216335675722505
29129,26.821192159373314
29131,23.620310214665547
29133,33.664458614512476
29135,27.262693421212123
29137,35.871965228882196
29139,38.3002219181049
29141,29.690948586116342
29143,24.061809131438917
29145,18.21191798813435
29147,39.07284866559541
29149,21.3024283514924
29151,29.911701203006427
29153,20.971300822433864
29155,18.763798251718843
29157,29.801323040361325
29159,31.898454459317893
29161,34.10595899147949
29163,29.580574342192154
29165,44.03973235768137
29167,28.918320668048725
29169,31.45695360417996
29171,25.82781542669674
29173,23.068432454865526
29175,26.821193231210877
29177,30.573951775664234
29179,16.777042324042878
29181,20.7505512260333
29183,50.11037422538803
29185,25.82781276397713
29186,35.982342194737136
29187,32.33995493415372
29189,51.43488126300085
29195,36.644593769191
29197,21.412805065286623
29199,21.302427116288577
29201,34.87858559055239
29203,19.426049010658915
29205,38.30021923064412
29207,28.587195525379343
29209,30.022076595441874
29211,32.67108085271197
29213,29.13907243265927
29215,22.737307762514593
29217,26.490067674697645
29219,33.55408501366778
29221,23.951434827733788
29223,27.373068141968368
29225,30.794702158031022
29227,33.4437100373605
29229,24.392935751714003
29510,42.82560428474194
30001,44.293195359450465
30003,57.068058692825794
30005,63.45549999848692
30007,27.539265695361912
30009,40.10471427127659
30011,24.607330423166026
30013,41.675394837853
30015,24.712041721432243
30017,33.19371429232053
30019,32.67015804476777
30021,30.68062645297423
30023,47.8534039255667
30025,25.340316204600065
30027,37.17277424665325
30029,32.460732150497435
30031,47.32984185687744
30033,16.33508
30035,64.0837737350858
30037,35.602093
30039,30.890053947384807
30041,43.24607199243754
30043,40.31413474441859
30045,31.09947703533569
30047,46.1780078900754
30049,49.5287951110488
30051,28.16753834947644
30053,27.958114679831848
30055,14.136124859952325
30057,37.1727750546735
30059,43.036646149999996
30061,43.35078464645986
30063,55.39267088722468
30065,27.64398002720804
30067,48.795810786088495
30069,26.70157
30071,32.87958240192771
30073,41.15182876143367
30075,16.753928466019413
30077,36.230365937168955
30079,31.518324
30081,40.41885171249695
30083,28.16754064229284
30085,40.83769651478184
30087,59.05759234445872
30089,31.832459103472527
30091,40.20942403209877
30093,51.41361598871528
30095,34.76439699957182
30097,32.67015731205284
30099,32.56544502867974
30101,35.49738081382043
30103,37.80105
30105,35.8115189466737
30107,28.58638783214794
30109,22.617802
30111,40.418852832429955
31001,35.360356997494925
31003,32.88287915496029
31005,14.864865
31007,21.509008
31009,22.297297
31011,45.49549454604894
31013,25.112609992907167
31015,29.842340878364904
31017,32.545043635009925
31019,32.094594417875285
31021,50.56306516044889
31023,45.045045271663625
31025,50.675674597062404
31027,36.82432602437334
31029,24.662162588524993
31031,29.279277186818888
31033,36.261260089593655
31035,35.58558949310945
31037,36.82432478455091
31039,44.14414424870237
31041,32.65765876845327
31043,49.09909661467845
31045,32.43243500440432
31047,33.55855988417489
31049,25.225225989130433
31051,37.83783766276468
31053,45.49549839638485
31055,55.85585123324448
31057,31.644142933077347
31059,46.28378413706836
31061,32.43243259102731
31063,21.509008647941517
31065,35.81080869690722
31067,35.02251866461567
31069,40.090093315544046
31071,25.33783649390244
31073,33.558559656044515
31075,13.9639635
31077,36.1486450044953
31079,37.61261503651093
31081,37.95044885259926
31083,35.698198051948054
31085,17.905405
31087,27.81531329448709
31089,36.03603938204633
31091,37.612614
31093,36.93693456307934
31095,48.648646078052764
31097,47.184687788271724
31099,40.09009056017104
31101,29.39189076872763
31103,25.675676
31105,30.743242382709397
31107,43.468469544146885
31109,58.671167346935114
31111,23.986485566313554
31113,14.414414
31115,21.846848
31117,10.472973000000001
31119,37.049549591572955
31121,36.14864671718209
31123,30.06756966136692
31125,25.450450398669254
31127,42.792791127869314
31129,45.2702712835478
31131,47.07206981825047
31133,38.626122883116885
31135,33.896394476125046
31137,31.756755884906887
31139,33.445945452709296
31141,37.04954878408709
31143,34.34684449599389
31145,29.50450514737229
31147,45.38287898343356
31149,30.5180162039801
31151,39.75225157181666
31153,52.36486635810045
31155,45.04503877933734
31157,32.207206441487486
31159,43.01801726973646
31161,27.027027271914815
31163,35.36035999029126
31165,21.28378123390895
31167,22.74774842693457
31169,41.44143965427077
31171,21.05856
31173,50.9009040071541
31175,27.027024975943398
31177,48.42342114932639
31179,35.02252157350755
31181,34.1216217899045
31183,24.211712
31185,44.707204712902765
32001,34.6680723801557
32003,40.88514151847789
32005,44.36249038194239
32007,28.977870983970483
32009,33.29821006735266
32011,20.75869515086705
32013,32.033717166988474
32015,28.87249640629761
32017,29.715488938506304
32019,30.031611425034207
32021,42.57112642111087
32023,35.08956845553034
32027,29.820862969207774
32029,16.438356320477034
32031,51.63329472832762
32033,41.30663668684929
32510,51.42255262688377
33001,53.29086848269637
33003,61.783439140733094
33005,54.77706833787997
33007,54.352443904776685
33009,67.72824201055357
33011,52.76008633973254
33013,60.08492861989643
33015,56.79405459361442
33017,53.078555813879426
33019,55.30785491019954
34001,52.693964501634895
34003,63.68534060291626
34005,60.129311013175275
34007,52.9094830648818
34009,62.17672610252191
34011,35.99138103791698
34013,52.37068747232885
34015,49.6767186988944
34017,57.32758303623521
34019,56.46551993962993
34021,54.09482157828719
34023,57.32758360674433
34025,54.95689689296201
34027,66.05603674183237
34029,44.28879191186584
34031,51.724134559475125
34033,42.67241227322337
34035,61.206898697671896
34037,51.93965645763469
34039,52.47844864242449
34041,53.87931402351184
35001,56.21951828598979
35003,32.07317033972371
35005,32.56097372420363
35006,59.6341509969313
35007,38.658534398081166
35009,26.82926764114435
35011,37.073170510875066
35013,54.63414601214051
35015,31.34146149105004
35017,57.43902573319713
35019,28.65853881830387
35021,38.292683
35023,42.80487273228868
35025,22.926830342405342
35027,39.63414521986211
35028,75.24390121581446
35029,53.17072704044342
35031,96.422646838189
35033,46.58536341257068
35035,42.92683118996526
35037,31.219512477264765
35039,64.37931748234145
35041,24.512196245132024
35043,64.14634076947078
35045,65.85366506513132
35047,43.41463442645503
35049,64.87805082478278
35051,48.90244026629959
35053,54.634146686619715
35055,60.853658247990055
35057,38.78048955535612
35059,19.634145596225537
35061,45.365849265451814
36001,61.08829772132374
36003,33.67556456554111
36005,43.12115154559281
36007,52.15605671419234
36009,43.73716583272614
36011,48.15194776496199
36013,46.40656942040105
36015,46.40657070286387
36017,48.870634413788906
36019,60.47228179395892
36021,59.856263452441006
36023,48.45995852316631
36025,46.406570625901196
36027,54.414783403790054
36029,55.13347142109717
36031,61.190960937820606
36033,51.642711324171195
36035,43.12115166384883
36037,47.84393774390802
36039,49.69199110218319
36041,75.56468079114327
36043,46.50924035592687
36045,54.31211402129905
36047,45.585215682707286
36049,41.375770767477036
36051,48.76796636211976
36053,50.92402440096271
36055,58.21355334785041
36057,52.15605898342964
36059,60.472277787162966
36061,63.96304163715581
36063,52.97741308438235
36065,49.38398283548002
36067,60.16427187246207
36069,57.28952855338302
36071,49.17864529951731
36073,43.32648859115838
36075,47.84393834563076
36077,50.10266962624837
36079,57.28952900048286
36081,58.00821487383544
36083,57.494867707193706
36085,48.76796581971545
36087,47.9466119390129
36089,49.281314669350564
36091,65.40041779634052
36093,57.084194150917575
36095,45.48254601772444
36097,51.74538069491709
36099,44.35318521086882
36101,46.7145775364082
36103,56.26283464596823
36105,45.48255105064762
36107,48.45995708829985
36109,67.45379790174589
36111,57.28952540777265
36113,64.57905550772595
36115,53.08008202614262
36117,50.205336818762646
36119,60.67761780114542
36121,41.17043659584374
36123,43.63449678383653
37001,43.09449514148313
37003,34.37175402802934
37005,44.132920294350384
37007,21.391484273152262
37009,39.771542913678125
37011,41.22533803986843
37013,41.53686614021426
37015,34.37175385859082
37017,25.337486022522786
37019,48.39044090681983
37021,51.60955322493522
37023,35.30633540462719
37025,38.94081028365124
37027,35.20249256976588
37029,29.698859470766525
37031,33.74870485035819
37033,37.798547252013506
37035,40.49844062151279
37037,45.69055179276804
37039,37.59086307940938
37041,35.825549368095636
37043,28.03738271882572
37045,33.33333180583444
37047,29.69885692365166
37049,42.88680756807755
37051,45.06749970305591
37053,37.279335491795365
37055,59.916924923892346
37057,33.85254171946507
37059,41.95223539566494
37061,27.933541545981974
37063,53.686399810698106
37065,33.95638514990214
37067,45.171339800983574
37069,35.617861266411595
37071,33.95638652148966
37073,33.956387000086096
37075,33.5410218831349
37077,43.61371006816947
37079,30.114226401095106
37081,45.58670935811176
37083,37.38317789997919
37085,27.20664600289054
37087,44.65213015626834
37089,44.65213078886435
37091,22.53374945283096
37093,21.391485294312766
37095,52.2326077486232
37097,36.86396938292945
37099,41.12149480655881
37101,36.44859750925309
37103,37.2793346074052
37105,39.56386406894523
37107,37.38317952751829
37109,36.13707232740057
37111,35.929384674849494
37113,29.906542936365508
37115,37.27933530070988
37117,75.59709021705658
37119,44.65212898088508
37121,36.4485983740418
37123,30.94496532196543
37125,45.482863666885144
37127,41.6407054675955
37129,47.24818346875204
37131,35.20249141821795
37133,36.240911418017724
37135,61.266874788307355
37137,44.755970648929576
37139,32.91796483449849
37141,36.76012498786331
37143,19.418482475501115
37145,41.32918094657618
37147,39.14849698859386
37149,36.96780844779571
37151,31.36033373346284
37153,34.16407039973747
37155,24.92211863245304
37157,35.92938522054887
37159,30.944963096002716
37161,29.283488790467906
37163,34.371750045187
37165,33.22949353112486
37167,17.96469377746247
37169,28.245065123135213
37171,37.279333364698275
37173,41.32917552908528
37175,44.65213083455327
37177,33.33333003803295
37179,39.252334123356036
37181,33.125647426934485
37183,54.51713840061271
37185,27.72585767137375
37187,32.50259824778053
37189,44.548286808190355
37191,35.20249177566353
37193,30.944963586255952
37195,36.9678099134494
37197,35.41017503627807
37199,39.56385853150747
38001,41.17647004642249
38003,48.319327819813296
38005,32.45798406248162
38007,15.12605
38009,41.59663946781955
38011,30.462185239654104
38013,30.882353029477443
38015,37.7100827616166
38017,47.37395159019455
38019,50.630253076803726
38021,44.537818046511624
38023,34.453776780075984
38025,17.857142435340805
38027,43.59243811434599
38029,26.995797792761238
38031,44.64285948281016
38033,23.319327101846966
38035,45.58823294167466
38037,15.231091515829462
38039,40.966387987018614
38041,31.617650797650626
38043,26.260502944191817
38045,40.65126178885916
38047,27.626053028880865
38049,33.40336008288227
38051,34.24369809134088
38053,15.02100820097033
38055,35.504200245091894
38057,31.407562837850307
38059,32.98319254898256
38061,28.151259639276493
38063,59.76890751879947
38065,20.798318923642537
38067,43.487394112107616
38069,37.81512210884976
38071,46.00840666548626
38073,50.00000138391057
38075,30.042018721725615
38077,42.54201928589502
38079,47.26891166824125
38081,50.105042620725115
38083,31.19748
38085,27.205883918302863
38087,9.558824
38089,26.785714107819157
38091,38.65545547993905
38093,42.22689109958309
38095,38.86554738917975
38097,41.491593227120745
38099,44.222692648112776
38101,34.768909629399374
38103,35.92436771667863
38105,20.483191660209208
39001,25.307375126534097
39003,33.09426302139228
39005,32.2745913497366
39007,39.65163911288128
39009,40.778687743775265
39011,32.47950660412896
39013,35.86065660957995
39015,30.942624370525884
39017,43.340163206507064
39019,34.73360763277359
39021,35.14344591231652
39023,41.90573769484854
39025,44.979506582594425
39027,36.68032920105606
39029,38.52458858678132
39031,29.405737193208786
39033,35.75819622245497
39035,51.12704458691235
39037,30.737706445204548
39039,39.44671998412492
39041,60.34836532455185
39043,47.64344241094607
39045,44.569670966369884
39047,33.606554070893836
39049,49.38524972760894
39051,40.67623320583525
39053,34.016392017678434
39055,50.717211781051056
39057,50.71721195485165
39059,34.9385242947971
39061,49.18033062227717
39063,39.75409442780684
39065,29.30327473556174
39067,33.811472389987756
39069,40.676231615740406
39071,28.278688231135035
39073,36.68032898351343
39075,14.139342713748796
39077,36.06557574831357
39079,35.24590329281413
39081,39.13934555386276
39083,33.70901510614671
39085,52.76639203005678
39087,32.47950651459278
39089,43.54507968409893
39091,33.299176752886225
39093,49.795083765497836
39095,44.979509398349116
39097,40.16393246852102
39099,44.26229677935326
39101,37.192622829152704
39103,51.43442611412586
39105,33.196717777511246
39107,31.35245897556621
39109,37.7049208267446
39111,37.09016610261737
39113,44.15983917961924
39115,32.68442672417042
39117,32.47950735276319
39119,38.62704876326595
39121,32.47950477967981
39123,48.97541190114931
39125,34.42623059531931
39127,30.430327570868226
39129,38.62704777737604
39131,33.299177236200435
39133,45.28688397131617
39135,33.299178569259645
39137,39.34426214157579
39139,34.221311465607776
39141,38.42213161535375
39143,42.62295137841992
39145,34.733607998461856
39147,38.42213035423884
39149,28.688524932358167
39151,42.62294919471289
39153,49.6926251613992
39155,42.520490554850966
39157,34.528690420289685
39159,48.46311505402132
39161,22.643442176344692
39163,29.40573481908897
39165,51.12704712157745
39167,42.41803397360762
39169,34.93852654952439
39171,35.86065766010196
39173,51.127045101807255
39175,37.704917431414636
40001,23.01927130752222
40003,38.222696320193634
40005,26.873659909438867
40007,23.447537850702684
40009,31.691648226406183
40011,33.83297650649483
40013,28.051391577084612
40015,48.072802238664856
40017,42.39828766526461
40019,32.33404626799918
40021,33.72591178575424
40023,23.982870073217732
40025,22.162740522256502
40027,40.68522553698441
40029,30.406853582971326
40031,38.32976732578302
40033,32.976445351534146
40035,39.507497828985905
40037,31.26338360248693
40039,35.86723567454869
40041,26.445396419351727
40043,20.877944453517074
40045,28.80085894736842
40047,34.68950595043294
40049,36.18843915382663
40051,28.158459737800015
40053,32.01284759728708
40055,29.12205449449104
40057,37.36616568787771
40059,35.76016492470278
40061,29.978586362602254
40063,32.76231462191302
40065,37.90149926492422
40067,32.548181339331215
40069,30.835117928176295
40071,31.58458608081855
40073,33.40471400597713
40075,40.79229166998593
40077,25.802998238372638
40079,28.265524098165784
40081,29.122056866685924
40083,25.267666178100995
40085,32.11991675849713
40087,37.25909844505939
40089,23.126338947809252
40091,42.398289679876996
40093,37.15203585571817
40095,33.083511936936375
40097,30.299783619602668
40099,35.3319073288863
40101,35.2248364440012
40103,45.82440659938971
40105,28.47965835765937
40107,35.76016978267278
40109,46.895074846837765
40111,30.942185602487147
40113,22.483940189428875
40115,24.83940011167323
40117,36.40256884663099
40119,37.259103908469456
40121,32.655244407589095
40123,39.61456252953183
40125,34.68950463458233
40127,25.160599359045655
40129,27.837257580921758
40131,33.94004459208626
40133,37.47323097649884
40135,28.05139145793828
40137,35.974306811565945
40139,31.15631588213406
40141,35.010709505584025
40143,45.07494950356845
40145,34.36830967406483
40147,30.728051726817245
40149,29.229122667985553
40151,31.263384563616444
40153,29.122054861399278
41001,60.286585857517146
41003,63.561921148892495
41005,54.96417206998812
41007,51.27942769872543
41009,46.87819487247456
41011,44.319343272607405
41013,38.48515491469016
41015,43.50050915216419
41017,55.47594821402351
41019,41.146364042095456
41021,34.49334823523262
41023,36.745140207555
41025,33.77686694857222
41027,67.14432007232291
41029,43.9099265685344
41031,46.57113589643576
41033,38.07573960374957
41035,38.07573784118824
41037,30.399181213873575
41039,55.47595160449346
41041,58.23950505357181
41043,42.88638806735245
41045,31.832139485200504
41047,47.28761830978758
41049,38.280446489693944
41051,64.4831101198743
41053,49.84647045013379
41055,44.01228121759531
41057,51.99590734020821
41059,38.075738278498854
41061,36.028658269314384
41063,47.90174017905208
41065,50.56294484514947
41067,60.3889462801336
41069,46.67348760409057
41071,48.92528736037811
42001,43.376070928094805
42003,55.55555663919084
42005,49.03845797193091
42007,37.71367603958512
42009,31.730770111459105
42011,46.68803645572416
42013,42.2008564907836
42015,33.5470077948971
42017,57.051281333443505
42019,52.99144882325486
42021,46.367518845262104
42023,49.67948030788433
42025,50.961540160174096
42027,50.96153811141625
42029,54.59401623626214
42031,36.53845981067824
42033,42.09401825654799
42035,35.47008530476022
42037,51.3888894465195
42039,41.346152532466924
42041,53.84615483303493
42043,50.42735087633566
42045,58.54700978007918
42047,49.46581094837838
42049,49.25213611329625
42051,47.756405923801864
42053,62.0726450237555
42055,38.354702237271354
42057,27.136754682727087
42059,39.63675335315512
42061,40.91880610579355
42063,38.35470137663468
42065,41.55983014333147
42067,34.29487077106929
42069,60.042738917180294
42071,50.747864150747475
42073,40.064101414309604
42075,44.33761006592917
42077,57.1581199285296
42079,51.06837316585044
42081,42.52136874110459
42083,31.517095278462296
42085,43.69658361705267
42087,41.13247544001287
42089,46.688034960066055
42091,55.2350430870757
42093,65.81196856645293
42095,52.67094000450219
42097,47.54273834059191
42099,39.957261319582884
42101,44.55128095687005
42103,43.6965831522327
42105,26.60256267985382
42107,49.35897500325766
42109,36.00427312175123
42111,39.957263491424
42113,40.811966747857824
42115,38.995727240007646
42117,35.470085913730344
42119,47.00855068819834
42121,35.89743235699587
42123,39.4230776386627
42125,51.60256720655499
42127,50.96154497121249
42129,48.397432841990415
42131,49.679482925254696
42133,47.75640881908247
44001,66.1070341418705
44003,64.53305150845432
44005,65.79223498203447
44007,54.98426064658884
44009,65.79224087941637
45001,31.871657116708747
45003,34.22459905631986
45005,42.887701548753775
45007,30.802140155228866
45009,34.7593574512187
45011,36.470590740429806
45013,49.09090760247325
45015,33.47593699897102
45017,28.021388069998654
45019,51.229942830474464
45021,23.850265807989484
45023,32.19251304775705
45025,27.16577454920469
45027,34.010698240875016
45029,32.834224739758206
45031,36.47058867291582
45033,31.443848271576122
45035,37.75400679336372
45037,43.63636630286494
45039,40.85561357472312
45041,40.32085354264602
45043,43.208556281593324
45045,41.818177602299926
45047,37.96791294658061
45049,45.24064110874064
45051,43.85026585394018
45053,25.775399113293613
45055,42.13903738972896
45057,31.229948062026324
45059,29.090911490728757
45061,30.26738192814339
45063,39.89304763069405
45065,51.550800738425465
45067,34.866311047724786
45069,31.336897611327707
45071,39.35829082905961
45073,36.470591271721375
45075,38.82352548547325
45077,36.577540757862295
45079,43.85026726928837
45081,22.994653718838563
45083,31.764708022453927
45085,33.15507992659868
45087,30.053476780686044
45089,41.283421281323044
45091,33.90374261992476
46003,42.65060485175695
46005,38.433734294794824
46007,38.07228708272859
46009,49.87951249935723
46011,41.80722504249649
46013,51.20482200614104
46015,38.43373682530121
46017,47.71084205653022
46019,28.55421755190884
46021,28.674697936896333
46023,43.85542143850383
46025,49.397588984885964
46027,60.12048276413668
46029,41.566267681058605
46031,24.216866976019187
46033,39.036145935598434
46035,42.89156422366828
46037,50.361447138869
46039,35.6626535878394
46041,54.81928151256192
46043,36.38554323809524
46045,32.6506044685
46047,46.62650925312772
46049,47.59036203271028
46051,41.80722716066713
46053,39.879518769741516
46055,28.795181616497832
46057,33.01205034261885
46059,38.43373507671399
46061,31.5662645740413
46063,14.939759000000002
46065,52.53011841973969
46067,41.68675067139318
46069,43.61445484375
46071,32.289157349449205
46073,42.40963962789551
46075,49.638554
46077,60.481932926429984
46079,40.8433713560944
46081,42.04819158912266
46083,42.04818872369446
46085,54.69879318391699
46087,42.28915757318376
46089,10.722892848134991
46091,47.95181142610162
46093,42.65060658379688
46095,28.915660738838213
46097,48.6746964123532
46099,54.93975925736481
46101,43.61445447292475
46102,45.542166877304915
46103,39.27710735437752
46105,24.096386266975824
46107,48.072285303555944
46109,47.95181098902273
46111,40.96385826309068
46115,38.31325195595657
46117,56.74698473279352
46119,31.686741684065936
46121,38.67469727926939
46123,31.807227671963467
46125,37.10843790662324
46127,46.626506718299424
46129,32.16867511953774
46135,60.843376314495124
46137,22.048192932221436
47001,40.08179695818387
47003,24.33537971399279
47005,30.981596377728316
47007,23.51738285759966
47009,36.91206357121345
47011,27.09611355954696
47013,29.447853720630874
47015,20.449897049007582
47017,31.288344195903864
47019,29.243351202743934
47021,32.92433385554011
47023,24.23312875903198
47025,32.0040893380335
47027,20.85889615703437
47029,36.19632005465737
47031,29.243352407727475
47033,30.06134978128863
47035,35.68506828480871
47037,44.78527658683481
47039,25.76687110099974
47041,26.993863906205963
47043,29.856850931842278
47045,24.233129054911775
47047,36.60531354843746
47049,22.699388454672167
47051,27.60736151214086
47053,28.323109611116724
47055,25.46012452872494
47057,34.764829333713244
47059,33.026584585705535
47061,17.586911849785093
47063,28.32310870849485
47065,39.87730155688932
47067,22.69938644499924
47069,29.345603025543408
47071,28.527607280119195
47073,31.0838442994679
47075,31.799591919245408
47077,27.914110402976533
47079,32.61758714812176
47081,27.505110405055465
47083,27.198364976924942
47085,26.687115364789197
47087,23.312882186187746
47089,34.560326305386845
47091,28.1186077214752
47093,42.740283499969614
47095,21.779139922584402
47097,23.415132383331493
47099,23.517379766118
47101,24.028629564373897
47103,28.11860790110774
47105,47.34151699749195
47107,26.993865723244497
47109,32.208587660667
47111,20.449898681294716
47113,36.80981398721058
47115,29.55010219278638
47117,27.096115908568695
47119,42.43353372905664
47121,46.72801297746526
47123,30.061349547887076
47125,37.321062852381935
47127,15.132923862686095
47129,35.7873196382615
47131,24.948875646666668
47133,25.153373012086913
47135,26.789365477632742
47137,33.43558345937991
47139,30.265848029166918
47141,34.86707293839415
47143,29.345605060749822
47145,31.799590872487396
47147,33.02658434773581
47149,33.33333421665228
47151,25.460123014798672
47153,21.57464191339225
47155,32.5153394290172
47157,33.94682857203283
47159,21.47239447668961
47161,27.811859605868598
47163,40.797546142437646
47165,31.39059610488697
47167,23.824132405747417
47169,24.948875221831873
47171,39.67280260000001
47173,24.233128245846654
47175,38.34355997340897
47177,26.482617560562613
47179,43.04703625254834
47181,29.447853007362546
47183,24.233130207912065
47185,29.55010293603306
47187,47.239266749028666
47189,35.27607593555757
48001,27.37161283415842
48003,29.64982760819053
48005,29.487400749272737
48007,43.85793217303571
48009,35.087106488571436
48011,27.768946159958183
48013,31.669697045315452
48015,35.72522749768098
48017,28.614288959472727
48019,33.29439275569831
48021,35.5770198887796
48023,31.97492259686727
48025,34.20850442117702
48027,24.745675018860787
48029,43.02514206973149
48031,41.10300991884961
48033,22.93578
48035,32.39496917946862
48037,22.641427377205144
48039,39.98701031296313
48041,36.95110832867499
48043,43.00771529734436
48045,29.172055999999998
48047,42.816859645004854
48049,28.31185254398313
48051,33.79060016053281
48053,36.01080011869729
48055,34.348665017541656
48057,36.5711616768631
48059,25.697484212930277
48061,49.844382494466146
48063,27.18802606753226
48065,23.945323691222832
48067,22.257378410301193
48069,26.34794112215873
48071,30.166297631251307
48073,24.655244492322996
48075,37.76348319661803
48077,32.680737016687566
48079,28.356118566159047
48081,27.93032332527881
48083,27.09480358022652
48085,47.7950789822583
48087,24.965753597625326
48089,38.02633226495768
48091,43.36369729037944
48093,31.63916323256331
48095,35.06969819676485
48097,27.58319841491332
48099,24.41179288987608
48101,29.470670441025643
48103,19.553887940493468
48105,31.26443379953076
48107,32.647725655921164
48109,42.1464728702966
48111,28.90078180204197
48113,39.86843373719898
48115,22.8236964048209
48117,27.089397669310365
48119,23.560309330654423
48121,44.25709389349632
48123,31.517854771974832
48125,24.33288191953509
48127,43.00671682281867
48129,27.577791512549915
48131,41.61512838922676
48133,24.330065207571767
48135,27.203818966816158
48137,28.209109897435898
48139,34.34690047168045
48141,51.44720018941031
48143,24.729494861878397
48145,29.213157999131194
48147,27.701753422509626
48149,34.380174748564784
48151,26.057443040031195
48153,31.337536725361367
48155,29.78355
48157,49.627935800110684
48159,25.06293623309053
48161,24.339402971508807
48163,28.95696094881935
48165,14.15875646143187
48167,42.57538748605179
48169,42.33424054807983
48171,40.58470643642158
48173,30.801985091779724
48175,30.282059135736297
48177,33.62288240913108
48179,26.144566189465
48181,30.193372631146815
48183,29.798699185264788
48185,35.335874680840085
48187,37.37675764744456
48189,27.399269245550887
48191,33.23211926913346
48193,34.00307550133625
48195,31.20948453242075
48197,33.18077766523279
48199,24.011317898982455
48201,40.9712006735993
48203,24.648024093058954
48205,34.37948178947369
48207,29.674796721610463
48209,43.172406344352986
48211,32.05027515682968
48213,27.164388213853794
48215,47.56183661211298
48217,28.29817825563737
48219,29.125583512041754
48221,36.37720710611063
48223,26.13795499609418
48225,27.690698718804047
48227,22.575276709881123
48229,48.71060486929043
48231,27.033085788801817
48233,23.860920222178866
48235,28.97135406253832
48237,26.558477904579295
48239,31.21951207330699
48241,24.36882567157688
48243,43.79947402341288
48245,30.39731332016311
48247,40.057691304522805
48249,37.989725373885165
48251,30.281486468770627
48253,28.67599484434644
48255,37.33093933669248
48257,32.61527261360995
48259,45.37117077997949
48261,40.59406
48263,28.346457
48265,33.994300302306705
48267,31.84228794565461
48269,12.132353
48271,29.26097528759083
48273,44.0775763052985
48275,30.131004213291302
48277,26.909885399850875
48279,29.907700121303744
48281,28.924771270619445
48283,42.08776595299904
48285,32.89669341884604
48287,31.834792180732958
48289,26.93633642752467
48291,25.301807663591944
48293,25.583480084110953
48295,23.383853435414885
48297,23.207995361556446
48299,39.770585977833264
48301,15.976332
48303,33.87878478060464
48305,28.280963395771447
48307,25.037575543678717
48309,32.723487412155905
48311,33.512787
48313,28.28339570382143
48315,27.917596156412518
48317,20.7762949075399
48319,36.546560603838586
48321,31.640422787821024
48323,41.17707277029737
48325,37.63764025091819
48327,38.02619075543227
48329,28.8923950092095
48331,30.705395223617266
48333,29.878923208170804
48335,24.98536985418542
48337,24.95710931288692
48339,36.82882954200163
48341,30.577840462634093
48343,27.631578810637787
48345,19.000001091976515
48347,29.935278434770265
48349,30.790413398447395
48351,16.80764997680011
48353,31.045263782513153
48355,38.29293336974293
48357,28.395687740569162
48359,23.816287276462056
48361,22.54304623740613
48363,26.19137236866987
48365,19.936190808001342
48367,31.869145411072722
48369,28.85996977048685
48371,40.23889350834071
48373,29.4530001291029
48375,28.428222704987572
48377,66.57220323264278
48379,24.28480024776766
48381,31.302053951074235
48383,26.24058146896552
48385,36.616457416069295
48387,27.09806473352067
48389,30.520780405873396
48391,37.99654272467533
48393,21.077284
48395,30.332671289411625
48397,39.34804721905465
48399,31.137959413120736
48401,24.495458938342388
48403,27.736670437252826
48405,29.646714269167834
48407,23.28216674952156
48409,36.28502850685094
48411,24.4260956595817
48413,31.256716184799753
48415,29.87487271450849
48417,26.768757636172136
48419,20.910818507994556
48421,23.726009326164874
48423,31.229509490495786
48425,31.211657988585262
48427,52.87082387790438
48429,25.325646065801575
48431,24.632069
48433,32.000000427412814
48435,32.521189159806916
48437,27.768015178033775
48439,38.52510167656651
48441,31.116970323765575
48443,39.561855
48445,29.950556114115063
48447,33.37774685
48449,24.87938952782891
48451,32.14681313932609
48453,50.161784788416135
48455,29.37683556880223
48457,25.0784410301343
48459,21.900221864449687
48461,28.73940419971223
48463,35.65311494880798
48465,37.09331995765625
48467,25.193497690917653
48469,33.471608823451184
48471,33.128228605811806
48473,27.786627470977063
48475,28.95482677404352
48477,36.489048012447896
48479,52.62820891224259
48481,33.12397723844164
48483,26.602054564338893
48485,31.678892938928676
48487,36.2127020313146
48489,41.78761755176814
48491,46.85810619358816
48493,35.61582026231591
48495,26.117352180111357
48497,27.357682654979147
48499,31.182064226121582
48501,28.210719687950935
48503,28.2676286825171
48505,42.56294592061388
48507,35.27871513595441
49001,26.293997353114808
49003,29.917183821630964
49005,34.26501338055747
49007,29.710145154295084
49009,40.68323
49011,40.26915072158751
49013,26.086954946409005
49015,27.32919282005676
49017,34.05797127211155
49019,42.960664214891814
49021,27.018632554993616
49023,23.498963388883602
49025,35.300206391629715
49027,27.639750233179942
49029,32.50517538675435
49031,23.706002821947283
49033,31.469979341506125
49035,43.27122285594093
49037,33.22981177175033
49039,25.362318107211657
49041,27.639752507722466
49043,59.52381313340515
49045,31.5734995554964
49047,24.430642644486063
49049,33.12629567553537
49051,35.196687414518735
49053,28.778467115557483
49055,37.88819632326951
49057,36.02484428907129
50001,78.99728760824351
50003,47.56097420836643
50005,40.514905060533394
50007,81.02980284055823
50009,43.63143620751661
50011,39.972900025131096
50013,89.43089468596114
50015,68.02168271745704
50017,60.29810614742014
50019,62.60162928320281
50021,77.23577308002261
50023,52.16802040952801
50025,72.22221814288336
50027,59.620598485991344
51001,85.87352090317604
51003,40.62500404473222
51005,6.6406254058357925
51009,49.60937231760367
51013,68.94531322451998
51015,40.039065594860745
51017,28.7109369484423
51019,33.398439070853854
51021,12.499999497882639
51023,30.273437587521094
51025,51.953127753496744
51027,52.989632316909926
51029,16.015623804550792
51031,26.757814799476943
51033,16.796873857145076
51035,14.453124842868194
51036,5.859375190601185
51037,17.38281298716481
51041,49.609376619499905
51043,76.83352699692459
51047,19.7265635572806
51049,10.546875352185484
51051,51.562507274046006
51053,42.18749828122891
51057,23.63281189730458
51059,92.74702060946524
51061,59.5703116739728
51063,7.6171870413934695
51065,71.71619301516547
51067,41.01562233923173
51069,30.66406261695437
51071,28.906250008298265
51073,80.8282440930769
51075,68.94531425942945
51077,35.93750173267457
51079,4.296875250500393
51081,7.812500659179019
51083,28.906248433394698
51085,52.5390600475671
51087,36.71875052780343
51089,25.195310363807007
51091,90.99288780717488
51093,26.953124117467453
51095,12.890625261958277
51097,46.67968605882353
51099,24.41406377236738
51101,53.125001583127
51103,61.32812834355495
51105,63.47656200654329
51107,82.09578202494241
51109,5.0781246812168845
51111,57.226560050361435
51113,70.32350704389575
51115,80.70983312658228
51117,19.335936313403188
51119,84.1376123664243
51121,45.31249701965089
51125,41.79687653759019
51127,39.06250311705152
51131,81.61963065604886
51133,42.187501781698174
51135,27.14843818854293
51137,9.570312444564562
51139,18.554687446205648
51141,42.38281448624863
51143,34.765625039347995
51147,4.492187421648778
51149,35.35156025844307
51153,86.49268502018441
51155,30.859372657523895
51157,41.60156465237325
51159,14.843749045726206
51163,24.609373715768374
51165,22.07031324135055
51167,49.60937300414686
51169,56.25000494186253
51171,52.9296894783816
51173,47.46094296369751
51175,12.890624657594637
51177,19.335938366954128
51179,56.83593830001002
51181,60.15624897667509
51183,16.210937748500285
51185,46.6796873465769
51187,7.812499848027419
51191,63.36677360806054
51193,24.41406069950936
51195,37.69530934671309
51197,36.13281244544239
51199,69.53124962735546
51510,51.17187429376854
51520,82.30965829382929
51540,10.937500243794615
51550,20.50781395296431
51600,11.523437492612194
51610,11.132811600353017
51630,7.812499805135532
51650,60.937505305205605
51660,7.812500085137531
51683,4.6875001934433405
51700,51.75781206994724
51710,67.42746701753943
51740,95.4387378972321
51750,14.453124680452143
51760,25.390625679590222
51770,13.476561935190128
51775,8.593750118833531
51800,47.46093421981139
51810,63.67187523792429
51830,5.859374890712704
51840,5.859375056568796
53001,37.56503150623037
53003,31.7377734579659
53005,42.45577313169877
53007,54.52653759321037
53009,56.60770211269168
53011,50.78043451463652
53013,35.17169764291111
53015,46.826221277208454
53017,46.30592984182439
53019,45.05723327582144
53021,33.61081938735908
53023,25.390218615867326
53025,39.8543123554739
53027,45.889696804992056
53029,51.40478261732803
53031,68.15816338476246
53033,66.701353032687
53035,51.40478263492412
53037,44.84911558637373
53039,40.89490201834687
53041,38.70967642555861
53043,40.374607888340115
53045,46.72216558044545
53047,54.5265361324003
53049,45.99375700935256
53051,30.28095550534574
53053,48.178979829010174
53055,72.63267669120579
53057,53.48595152097945
53059,32.98647306291976
53061,56.39958301756143
53063,47.13839497514487
53065,29.96878182114118
53067,51.50884742474777
53069,42.24765568797827
53071,50.36420844839406
53073,62.747140076446286
53075,37.66909445772244
53077,44.745053689927765
54001,9.252669622140658
54003,46.975089066858466
54005,49.822061967646434
54007,18.68327373255894
54009,30.42704385398117
54011,33.807828748485356
54013,19.75088796030473
54015,33.985762078822106
54017,5.160142684598828
54019,42.7046295499646
54021,65.48043359032599
54023,21.352312631520814
54025,55.69395030798203
54027,33.45195795429545
54029,30.96085342211231
54031,36.12099453952087
54033,33.629894297259185
54035,27.046262993732658
54037,48.9323850047721
54039,49.11031830012762
54041,48.7544502655584
54043,25.80071339954381
54045,48.22064316055281
54047,33.09608554052188
54049,12.277580083373296
54051,15.480425265274338
54053,38.61209893824833
54055,60.14235012611425
54057,53.558719632434965
54059,36.65480653673333
54061,25.26690573960491
54063,42.52669294390931
54065,4.448398465073655
54067,48.932388361185545
54069,12.989322850895809
54071,55.516018430393636
54073,14.234875676957438
54075,39.323846645591644
54077,52.22509235323882
54079,24.733095926440264
54081,33.8078319139742
54083,46.79715178130229
54085,30.42704659000398
54087,7.1174378141803905
54089,24.021352209981245
54091,5.693950408602277
54093,47.86477162929789
54095,27.58006831888889
54097,10.498220611420104
54099,48.220640920023286
54101,48.57651128344671
54103,14.59074728704757
54105,4.626334724939925
54107,55.69394715772876
54109,58.54092219536763
55001,44.432991976446246
55003,55.2577340249749
55005,42.989688698779304
55007,70.00000275645561
55009,49.896907036852234
55011,41.23711411632469
55013,47.216496813159445
55015,43.814434658308656
55017,45.4639189526837
55019,28.65979343092849
55021,53.29897275332746
55023,47.3195901136156
55025,68.65978961869165
55027,40.41237316585223
55029,65.97937795991905
55031,34.226804989131686
55033,39.17526036921619
55035,50.51546661855415
55037,39.1752595654895
55039,42.88659545435825
55041,47.31959034881422
55043,45.25773273824023
55045,52.78350651025642
55047,43.092784401885496
55049,57.62886364666751
55051,50.10309117692308
55053,39.48453362637362
55055,45.051547138517584
55057,41.546391861396266
55059,45.979383890557266
55061,41.44329717219806
55063,55.87628625933206
55065,49.07216774685881
55067,43.29896657185535
55069,44.94845107947891
55071,47.52577198427248
55073,46.28865420885447
55075,40.41237410632757
55077,42.98969093900014
55078,50.30927534619699
55079,47.835053352569716
55081,41.03092770556596
55083,42.16494869256839
55085,54.53608095596001
55087,49.3814442350343
55089,58.45361105491585
55091,41.237112947884064
55093,36.288656694112184
55095,41.34020758871283
55097,48.45361327984012
55099,48.865975770847015
55101,45.77319786219231
55103,48.04123628653214
55105,53.50515412197958
55107,31.95876490106502
55109,38.65979320922215
55111,50.5154636602492
55113,48.24741812538022
55115,41.546390887323604
55117,48.144327502147156
55119,27.7319589096048
55121,51.030926557907925
55123,45.05154865879378
55125,52.886596413980264
55127,42.06185611063761
55129,53.40206021000958
55131,45.36082368573399
55133,55.876290057034154
55135,41.95876332787549
55137,35.154642876433705
55139,47.52577351885328
55141,47.62886394824848
56001,41.72736693871842
56003,25.39021816126058
56005,19.250778613042314
56007,33.50676365863914
56009,24.141518021162902
56011,21.54006246938495
56013,40.998957572868264
56015,30.072842048501407
56017,37.04474482618699
56019,32.77835510965936
56021,38.60561760968909
56023,28.09573281248989
56025,31.94589237527668
56027,23.100937397918337
56029,36.52445265096447
56031,30.697191781807785
56033,39.12591352573186
56035,23.10093654106858
56037,28.303851028095153
56039,73.98543448004243
56041,31.00936469042263
56043,30.697192238294818
56045,26.534859720836238
